StockName,Ticker
BYD Co. Ltd.,1211 HK
1211 HK,1211 HK
BYD,1211 HK
Covestro AG,1COV GR
1COV GR,1COV GR
Covestro,1COV GR
Ping An Insurance (Group) Co. of China Ltd.,2318 HK
Ping An,2318 HK
2318 HK,2318 HK
2502 JP,2502 JP
2502 JP,2502 JP
Asahi,2502 JP
Asahi Group Holdings Ltd.,2502 JP
4502 JP,4502 JP
Takeda,4502 JP
Takeda Pharmaceutical Co. Ltd.,4502 JP
6758 JP,6758 JP
Sony,6758 JP
Sony Group Corp.,6758 JP
700 HK,700 HK
Tencent,700 HK
Tencent Holdings Ltd.,700 HK
7203 JP,7203 JP
Toyota,7203 JP
Toyota Motor Corp.,7203 JP
7974 JP,7974 JP
Nintendo,7974 JP
Nintendo Co. Ltd.,7974 JP
8316 JP,8316 JP
Sumitomo Mitsui,8316 JP
Sumitomo Mitsui Financial Group Inc.,8316 JP
992 HK,992 HK
Lenovo,992 HK
Lenovo Group Ltd.,992 HK
AAL LN,AAL LN
Anglo American Plc,AAL LN
AAL US,AAL US
American Airlines Group Inc.,AAL US
AAPL US,AAPL US
Apple,AAPL US
Apple Inc.,AAPL US
AA US,AA US
Alcoa,AA US
Alcoa Corp.,AA US
ABBN SW,ABBN SW
ABB,ABBN SW
ABB Ltd.,ABBN SW
ABBV US,ABBV US
AbbVie,ABBV US
AbbVie Inc.,ABBV US
ABI BB,ABI BB
Anheuser-Busch,ABI BB
Anheuser-Busch InBev SA/NV,ABI BB
ABN NA,ABN NA
ABN AMRO,ABN NA
ABN AMRO Bank NV,ABN NA
ABT US,ABT US
Abbott,ABT US
Abbott Laboratories,ABT US
ACA FP,ACA FP
Crédit Agricole,ACA FP
Crédit Agricole SA,ACA FP
AC FP,AC FP
Accor,AC FP
Accor SA,AC FP
ACN US,ACN US
Accenture,ACN US
Accenture Plc,ACN US
ADBE US,ADBE US
Adobe,ADBE US
Adobe Inc.,ADBE US
ADEN SW,ADEN SW
Adecco,ADEN SW
Adecco Group AG,ADEN SW
ADM US,ADM US
Archer-Daniels,ADM US
Archer-Daniels-Midland Co.,ADM US
AD NA,AD NA
Koninklijke,AD NA
Koninklijke Ahold Delhaize NV,AD NA
ADS GR,ADS GR
adidas,ADS GR
adidas AG,ADS GR
ADSK US,ADSK US
Autodesk,ADSK US
Autodesk Inc.,ADSK US
AF FP,AF FP
Air France,AF FP
Air France-KLM SA,AF FP
AI FP,AI FP
Air Liquide,AI FP
Air Liquide SA,AI FP
AIR FP,AIR FP
Airbus,AIR FP
Airbus SE,AIR FP
AKE FP,AKE FP
Arkema,AKE FP
Arkema SA,AKE FP
ALB US,ALB US
Albemarle,ALB US
Albemarle Corp.,ALB US
ALGN US,ALGN US
Align,ALGN US
Align Technology Inc.,ALGN US
ALO FP,ALO FP
Alstom,ALO FP
Alstom SA,ALO FP
ALV GR,ALV GR
Allianz,ALV GR
Allianz SE,ALV GR
AMAT US,AMAT US
Applied Materials,AMAT US
Applied Materials Inc.,AMAT US
AMD US,AMD US
Advanced Micro Devices.,AMD US
Advanced Micro Devices Inc.,AMD US
AMGN US,AMGN US
Amgen,AMGN US
Amgen Inc.,AMGN US
AMS SM,AMS SM
Amadeus,AMS SM
Amadeus IT Group SA,AMS SM
AMT US,AMT US
American Tower,AMT US
American Tower Corp.,AMT US
AMZN US,AMZN US
Amazon.com,AMZN US
Amazon.com Inc.,AMZN US
Amazon,AMZN US
ANET US,ANET US
Arista,ANET US
Arista Networks Inc.,ANET US
APD US,APD US
Air Products & Chemicals,APD US
Air Products & Chemicals Inc.,APD US
APO US,APO US
Apollo,APO US
Apollo Global Management Inc.,APO US
AS51,AS51
SP ASX200,AS51
ASML NA,ASML NA
ASML,ASML NA
ASML Holding NV,ASML NA
ATCOA SS,ATCOA SS
Atlas Copco,ATCOA SS
Atlas Copco AB,ATCOA SS
AU US,AU US
Anglogold Ashanti,AU US
Anglogold Ashanti Plc,AU US
AVGO US,AVGO US
Broadcom,AVGO US
Broadcom Inc.,AVGO US
AVOL SW,AVOL SW
Avolta,AVOL SW
Avolta AG,AVOL SW
AXP US,AXP US
American Express,AXP US
American Express Co.,AXP US
AZN LN,AZN LN
AstraZeneca,AZN LN
AstraZeneca PLC,AZN LN
BABA US,BABA US
Alibaba,BABA US
Alibaba Group Holding Ltd.,BABA US
BAC US,BAC US
Bank of America,BAC US
Bank of America Corp.,BAC US
BAER SW,BAER SW
Julius Bär Gruppe,BAER SW
Julius Baer,BAER SW
Julius Bär Gruppe AG,BAER SW
BALN SW,BALN SW
Bâloise,BALN SW
Baloise,BALN SW
Bâloise Holding AG,BALN SW
BARC LN,BARC LN
Barclays,BARC LN
Barclays PLC,BARC LN
BARN SW,BARN SW
Barry Callebaut,BARN SW
Barry Callebaut AG,BARN SW
BAS GR,BAS GR
BASF SE,BAS GR
BAS GR,BAS GR
BASF SE,BAS GR
BATS LN,BATS LN
British American Tobacco,BATS LN
British American Tobacco plc,BATS LN
BA US,BA US
The Boeing,BA US
Boeing Co.,BA US
Boeing,BA US
The Boeing Co.,BA US
BAYN GR,BAYN GR
Bayer,BAYN GR
Bayer AG,BAYN GR
BB FP,BB FP
Société BIC,BB FP
Societe BIC,BB FP
Société BIC SA,BB FP
BBWI US,BBWI US
Bath & Body Works,BBWI US
Bath & Body Works Inc.,BBWI US
BBY US,BBY US
Best Buy,BBY US
Best Buy Co. Inc.,BBY US
BDX US,BDX US
Becton Dickinson,BDX US
Becton Dickinson & Co.,BDX US
BEI GR,BEI GR
Beiersdorf,BEI GR
Beiersdorf AG,BEI GR
BG US,BG US
Bunge,BG US
Bunge Global SA,BG US
BHP LN,BHP LN
BHP,BHP LN
BHP Group Ltd.,BHP LN
BIDU US,BIDU US
Baidu,BIDU US
Baidu Inc.,BIDU US
BIIB US,BIIB US
Biogen,BIIB US
Biogen Inc.,BIIB US
BKNG US,BKNG US
Booking,BKNG US
Booking Holdings Inc.,BKNG US
Booking Holdings,BKNG US
BKR US,BKR US
Baker Hughes,BKR US
Baker Hughes Co.,BKR US
BK US,BK US
The Bank of New York Mellon,BK US
The Bank of New York,BK US
Bank of New York,BK US
The Bank of New York Mellon Corp.,BK US
BLK US,BLK US
BlackRock,BLK US
BlackRock Inc.,BLK US
BMRN US,BMRN US
BioMarin Pharmaceutical.,BMRN US
BioMarin,BMRN US
BioMarin Pharmaceutical Inc.,BMRN US
BMW GR,BMW GR
BMW,BMW GR
Bayerische Motoren Werke,BMW GR
Bayerische Motoren Werke AG,BMW GR
BMY US,BMY US
Bristol Myers Squibb,BMY US
Bristol Myers Squibb Co.,BMY US
BN FP,BN FP
Danone,BN FP
Danone SA,BN FP
BNP FP,BNP FP
BNP Paribas,BNP FP
BNP Paribas SA,BNP FP
BNTX US,BNTX US
BioNTech,BNTX US
BioNTech SE,BNTX US
BOSS GR,BOSS GR
HUGO BOSS,BOSS GR
BOSS,BOSS GR
HUGO BOSS AG,BOSS GR
BP LN,BP LN
BP,BP LN
BP Plc,BP LN
BRK US,BRK US
Berkshire Hathaway,BRK US
Berkshire,BRK US
Berkshire Hathaway Inc.,BRK US
BSX US,BSX US
Boston Scientific,BSX US
Boston Scientific Corp.,BSX US
BT LN,BT LN
BT Group,BT LN
BT Group Plc,BT LN
BUCN SW,BUCN SW
Bucher,BUCN SW
Bucher Industries AG,BUCN SW
BX US,BX US
Blackstone,BX US
Blackstone Inc.,BX US
CAC,CAC
CAC 40,CAC
CA FP,CA FP
Carrefour,CA FP
Carrefour SA,CA FP
CAP FP,CAP FP
Capgemini,CAP FP
Capgemini SE,CAP FP
CAT US,CAT US
Caterpillar,CAT US
Caterpillar Inc.,CAT US
CBK GR,CBK GR
Commerzbank,CBK GR
Commerzbank AG,CBK GR
CCJ US,CCJ US
Cameco,CCJ US
Cameco Corp.,CCJ US
CCL US,CCL US
Carnival,CCL US
Carnival Corp.,CCL US
CFR SW,CFR SW
Compagnie Financière Richemont,CFR SW
Compagnie Financiere Richemont,CFR SW
Richemont,CFR SW
Compagnie Financière Richemont SA,CFR SW
CF US,CF US
CF,CF US
CF Industries,CF US
CF Industries Holdings Inc.,CF US
CHKP US,CHKP US
Check Point Software,CHKP US
Check Point,CHKP US
Check Point Software Technologies Ltd.,CHKP US
CLN SW,CLN SW
Clariant,CLN SW
Clariant AG,CLN SW
CL US,CL US
Colgate-Palmolive,CL US
Colgate-Palmolive Co.,CL US
CLX US,CLX US
The Clorox,CLX US
Clorox,CLX US
The Clorox Co.,CLX US
CMCSA US,CMCSA US
Comcast,CMCSA US
Comcast Corp.,CMCSA US
CME US,CME US
CME Group,CME US
CME Group Inc.,CME US
CMI US,CMI US
Cummins,CMI US
Cummins Inc.,CMI US
COF US,COF US
Capital One Financial,COF US
Capital One Financial Corp.,COF US
CON GR,CON GR
Continental,CON GR
Continental AG,CON GR
COP US,COP US
Conoco Phillips,COP US
ConocoPhillips,COP US
COST US,COST US
Costco Wholesale,COST US
Costco Wholesale Corp.,COST US
Costco,COST US
CPB US,CPB US
Campbell Soup,CPB US
Campbell,CPB US
Campbell Soup Co.,CPB US
CPG LN,CPG LN
Compass Group,CPG LN
Compass,CPG LN
Compass Group Plc,CPG LN
CRM US,CRM US
Salesforce,CRM US
Salesforce Inc.,CRM US
CSCO US,CSCO US
Cisco Systems,CSCO US
Cisco,CSCO US
Cisco Systems Inc.,CSCO US
CS FP,CS FP
AXA SA,CS FP
AXA,CS FP
CTSH US,CTSH US
Cognizant Technology Solutions,CTSH US
Cognizant,CTSH US
Cognizant Technology Solutions Corp.,CTSH US
CTVA US,CTVA US
Corteva,CTVA US
Corteva Inc.,CTVA US
C US,C US
Citigroup,C US
Citi,C US
Citigroup Inc.,C US
CVS US,CVS US
CVS Health,CVS US
CVS,CVS US
CVS Health Corp.,CVS US
CVX US,CVX US
Chevron,CVX US
Chevron Corp.,CVX US
DAL US,DAL US
Delta Air Lines,DAL US
Delta Air,DAL US
Delta,DAL US
Delta Air Lines Inc.,DAL US
DAX,DAX
DAX 30,DAX
DAX 30 INDEX,DAX
DB1 GR,DB1 GR
Deutsche Börse,DB1 GR
Deutsche Borse,DB1 GR
Deutsche Börse AG,DB1 GR
DBK GR,DBK GR
Deutsche Bank,DBK GR
Deutsche Bank AG,DBK GR
DD US,DD US
DuPont de Nemours,DD US
DuPont,DD US
DuPont de Nemours Inc.,DD US
DECK US,DECK US
Deckers Outdoor,DECK US
Deckers,DECK US
Deckers Outdoor Corp.,DECK US
DELL US,DELL US
Dell Technologies,DELL US
Dell,DELL US
Dell Technologies Inc.,DELL US
DE US,DE US
Deere,DE US
Deere & Co.,DE US
DGE LN,DGE LN
Diageo,DGE LN
Diageo Plc,DGE LN
DG FP,DG FP
VINCI,DG FP
VINCI SA,DG FP
DG US,DG US
Dollar General.,DG US
Dollar General Corp.,DG US
DHI US,DHI US
D.R. Horton,DHI US
D.R. Horton Inc.,DHI US
DHL GR,DHL GR
Deutsche Post,DHL GR
Deutsche Post AG,DHL GR
DHR US,DHR US
Danaher,DHR US
Danaher Corp.,DHR US
DIA US,DIA US
SPDR Dow Jones Industrial Average ETF Trust,DIA US
Dow Jones Industrial Average ETF,DIA US
DIS US,DIS US
The Walt Disney,DIS US
Walt Disney Co.,DIS US
Walt Disney,DIS US
DKS US,DKS US
Dick's Sporting Goods,DKS US
Dick's Sporting Goods Inc.,DKS US
DLTR US,DLTR US
Dollar Tree,DLTR US
Dollar Tree Inc.,DLTR US
DOKA SW,DOKA SW
dormakaba,DOKA SW
dormakaba Holding AG,DOKA SW
DPZ US,DPZ US
Domino's Pizza,DPZ US
Domino's,DPZ US
Domino's Pizza Inc.,DPZ US
DSY FP,DSY FP
Dassault Systèmes,DSY FP
Dassault,DSY FP
Dassault Systèmes SA,DSY FP
DTE GR,DTE GR
Deutsche Telekom,DTE GR
Deutsche Telekom AG,DTE GR
DVA US,DVA US
DaVita,DVA US
DaVita Inc.,DVA US
DVN US,DVN US
Devon Energy,DVN US
Devon,DVN US
Devon Energy Corp.,DVN US
EA US,EA US
Electronic Arts,EA US
Electronic Arts Inc.,EA US
EBAY US,EBAY US
eBay,EBAY US
eBay.com,EBAY US
eBay Inc.,EBAY US
ECL US,ECL US
Ecolab,ECL US
Ecolab Inc.,ECL US
EEM US,EEM US
iShares MSCI Emerging Markets ETF,EEM US
EFA US,EFA US
iShares MSCI EAFE ETF,EFA US
ELE SM,ELE SM
Endesa,ELE SM
Endesa SA,ELE SM
EL FP,EL FP
EssilorLuxottica,EL FP
EssilorLuxottica SA,EL FP
EL US.,EL US
The Estée Lauder Companies,EL US
Estée Lauder Companies Inc.,EL US
Estée Lauder,EL US
The Estée Lauder Companies Inc.,EL US
EMSN SW,EMSN SW
EMS-Chemie Holding,EMSN SW
EMS-Chemie,EMSN SW
EMS-Chemie Holding AG,EMSN SW
ENEL IM,ENEL IM
Enel,ENEL IM
Enel SpA,ENEL IM
EN FP,EN FP
Bouygues,EN FP
EN FP,EN FP
Bouygues SA,EN FP
ENGI FP,ENGI FP
ENGIE,ENGI FP
ENGIE SA,ENGI FP
ENI IM,ENI IM
Eni,ENI IM
Eni SpA,ENI IM
EOAN GR,EOAN GR
E.ON,EOAN GR
E.ON SE,EOAN GR
EQT US,EQT US
EQT,EQT US
EQT Corp.,EQT US
EW US,EW US
Edwards Lifesciences,EW US
Edwards Lifesciences Corp.,EW US
EWW US,EWW US
iShares MSCI Mexico ETF,EWW US
EWZ US,EWZ US
iShares MSCI Brazil ETF,EWZ US
EXPE US,EXPE US
Expedia Group,EXPE US
Expedia,EXPE US
Expedia Group Inc.,EXPE US
FANG US,FANG US
Diamondback Energy,FANG US
Diamondback,FANG US
Diamondback Energy Inc.,FANG US
FCX US,FCX US
Freeport-McMoRan,FCX US
Freeport-McMoRan Inc.,FCX US
FDX US,FDX US
FedEx,FDX US
FedEx Corp.,FDX US
FEZ US,FEZ US
SPDR EURO STOXX 50 ETF,FEZ US
FGR FP,FGR FP
Eiffage,FGR FP
Eiffage SA,FGR FP
FME GR,FME GR
Fresenius Medical Care,FME GR
Fresenius Medical Care AG & Co. KGaA,FME GR
FNV US,FNV US
Franco-Nevada,FNV US
Franco-Nevada Corp.,FNV US
FRE GR,FRE GR
Fresenius SE,FRE GR
Fresenius SE & Co. KGaA,FRE GR
FR FP,FR FP
Valeo,FR FP
Valeo SE,FR FP
FSLR US,FSLR US
First Solar,FSLR US
First Solar Inc.,FSLR US
FTNT US,FTNT US
Fortinet,FTNT US
Fortinet Inc.,FTNT US
F US,F US
Ford Motor,F US
Ford,F US
Ford Motor Co.,F US
FXI US,FXI US
iShares China Large-Cap ETF,FXI US
GD US,GD US
General Dynamics,GD US
General Dynamics Corp.,GD US
GDX US,GDX US
VanEck Gold Miners ETF,GDX US
VanEck,GDX US
GEBN SW,GEBN SW
Geberit,GEBN SW
Geberit AG,GEBN SW
GE US,GE US
General Electric,GE US
General Electric Co.,GE US
GILD US,GILD US
Gilead Sciences,GILD US
Gilead,GILD US
Gilead Sciences Inc.,GILD US
G IM,G IM
Assicurazioni Generali,G IM
Assicurazioni Generali SpA,G IM
GIS US,GIS US
General Mills,GIS US
General Mills Inc.,GIS US
GIVN SW,GIVN SW
Givaudan,GIVN SW
Givaudan SA,GIVN SW
GLD US,GLD US
SPDR Gold Shares,GLD US
GLE FP,GLE FP
Société Générale,GLE FP
Societe Generale,GLE FP
Société Générale SA,GLE FP
GLEN LN,GLEN LN
Glencore,GLEN LN
Glencore Plc,GLEN LN
GM US,GM US
General Motors,GM US
General Motors Co.,GM US
GOLD US,GOLD US
Barrick Gold,GOLD US
Barrick,GOLD US
Barrick Gold Corp.,GOLD US
GOOGL US,GOOGL US
Alphabet,GOOGL US
Alphabet Inc.,GOOGL US
GOOGL,GOOGL US
GOOGL US,GOOGL US
Google Inc.,GOOGL US
Google Corporation,GOOGL US
GOOGLE INC.,GOOGL US
Google,GOOGL US
GSK LN,GSK LN
GSK Plc,GSK LN
GSK,GSK LN
GS US,GS US
The Goldman Sachs.,GS US
The Goldman Sachs Group,GS US
Goldman Sachs,GS US
HAL US,HAL US
Halliburton,HAL US
Halliburton Co.,HAL US
HAS US,HAS US
Hasbro,HAS US
Hasbro Inc.,HAS US
HCA US,HCA US
HCA Healthcare,HCA US
HCA Healthcare Inc.,HCA US
HD US,HD US
The Home Depot,HD US
Home Depot,HD US
The Home Depot Inc.,HD US
HEIA NA,HEIA NA
Heineken,HEIA NA
Heineken NV,HEIA NA
HEI GR,HEI GR
Heidelberg,HEI GR
Heidelberg Materials AG,HEI GR
HELN SW,HELN SW
Helvetia Holding,HELN SW
Helvetia,HELN SW
Helvetia Holding AG,HELN SW
HEN GR,HEN GR
Henkel,HEN GR
Henkel AG & Co. KGaA,HEN GR
HES US,HES US
Hess,HES US
Hess Corp.,HES US
HLT US,HLT US
Hilton Worldwide,HLT US
Hilton Worldwide Holdings Inc.,HLT US
HMB SS,HMB SS
H&M Hennes & Mauritz,HMB SS
Hennes & Mauritz,HMB SS
H&M Hennes & Mauritz AB,HMB SS
HNR1 GR,HNR1 GR
Hannover Rück,HNR1 GR
Hannover Rück SE,HNR1 GR
HO FP,HO FP
Thales,HO FP
Thales SA,HO FP
HOLN SW,HOLN SW
Holcim,HOLN SW
Holcim Ltd.,HOLN SW
HON US,HON US
Honeywell International,HON US
Honeywell,HON US
Honeywell International Inc.,HON US
HPE US,HPE US
Hewlett Packard,HPE US
Hewlett Packard Enterprise Co.,HPE US
HPQ US,HPQ US
HP Inc.,HPQ US
HSBA LN,HSBA LN
HSBC Holdings,HSBA LN
HSBC Holdings Plc,HSBA LN
HSCEI,HSCEI
Hang Seng,HSCEI
Hang Seng China Enterprise,HSCEI
HSY US,HSY US
The Hershey,HSY US
Hershey,HSY US
The Hershey Co.,HSY US
Hyatt Hotels Corp.,H US
IBE SM,IBE SM
Iberdrola,IBE SM
Iberdrola SA,IBE SM
IBM US,IBM US
IBM,IBM US
International Business Machines.,IBM US
International Business Machines Corp.,IBM US
IFX GR,IFX GR
Infineon Technologies,IFX GR
Infineon,IFX GR
Infineon Technologies AG,IFX GR
ILMN US,ILMN US
Illumina,ILMN US
Illumina Inc.,ILMN US
IMB LN,IMB LN
Imperial Brands,IMB LN
Imperial Brands Plc,IMB LN
INDU,INDU
DOW JONES INDUSTRIAL 30,INDU
INGA NA,INGA NA
ING Groep,INGA NA
ING Groep NV,INGA NA
Intel Corp.,INTC US
Intel Corporation,INTC US
Intel,INTC US
INTC,INTC US
INTU US,INTU US
Intuit,INTU US
Intuit Inc.,INTU US
ISP IM,ISP IM
Intesa Sanpaolo,ISP IM
Intesa,ISP IM
Intesa Sanpaolo SpA,ISP IM
ISRG US,ISRG US
Intuitive Surgical,ISRG US
Intuitive Surgical Inc.,ISRG US
ITX SM,ITX SM
Industria de Diseño Textil,ITX SM
Industria de Diseño Textil SA,ITX SM
IWM US,IWM US
iShares Russell ETF,IWM US
iShares Russell 2000 ETF,IWM US
iShares Russell 2000,IWM US
IWN US,IWN US
iShares Russell 2000 Value ETF,IWN US
JD US,JD US
JD.com,JD US
JD.com Inc.,JD US
Johnson & Johnson,JNJ US
Johnson & Johnson,JNJ US
JNJ,JNJ US
JNJ US,JNJ US
JPMorgan Chase & Co.,JPM US
JPMorgan Chase,JPM US
JPM,JPM US
JPM US,JPM US
JWN US,JWN US
Nordstrom,JWN US
Nordstrom Inc.,JWN US
KDP US,KDP US
Keurig Dr Pepper,KDP US
Keurig Dr Pepper Inc.,KDP US
KER FP,KER FP
Kering,KER FP
Kering SA,KER FP
KGC US,KGC US
Kinross Gold,KGC US
Kinross Gold Corp.,KGC US
KGF LN,KGF LN
Kingfisher,KGF LN
Kingfisher plc,KGF LN
KHC US,KHC US
The Kraft Heinz,KHC US
Kraft Heinz,KHC US
The Kraft Heinz Co.,KHC US
KKR US,KKR US
KKR & Co. Inc.,KKR US
KKR & Co,KKR US
KLAC US,KLAC US
KLA,KLAC US
KLA Corp.,KLAC US
KMB US,KMB US
Kimberly-Clark,KMB US
Kimberly-Clark Corp.,KMB US
KNIN SW,KNIN SW
Kühne + Nagel,KNIN SW
Kühne + Nagel International AG,KNIN SW
The Coca-Cola Co.,KO US
Coca-Cola Company,KO US
Coca-Cola,KO US
KO,KO US
KO US,KO US
KRE US,KRE US
SPDR S&P Regional Banking ETF,KRE US
KR US,KR US
The Kroger,KR US
The Kroger Co.,KR US
LHA GR,LHA GR
Deutsche Lufthansa,LHA GR
Lufthansa,LHA GR
Deutsche Lufthansa AG,LHA GR
LI FP,LI FP
Klépierre,LI FP
Klepierre,LI FP
Klépierre SA,LI FP
LISP SW,LISP SW
Chocoladefabriken Lindt & Sprüngli,LISP SW
Chocoladefabriken Lindt & Sprüngli AG,LISP SW
LLOY LN,LLOY LN
Lloyds Banking,LLOY LN
Lloyds Banking Group Plc,LLOY LN
LLY US,LLY US
Eli Lilly,LLY US
Eli Lilly & Co.,LLY US
LMT US,LMT US
Lockheed Martin,LMT US
Lockheed Martin Corp.,LMT US
Logitech International SA,LOGN SW
LONN SW,LONN SW
Lonza Group,LONN SW
Lonza,LONN SW
Lonza Group AG,LONN SW
LRCX US,LRCX US
Lam Research,LRCX US
Lam Research Corp.,LRCX US
LULU US,LULU US
lululemon athletica,LULU US
lululemon athletica Inc.,LULU US
LUV US,LUV US
Southwest Airlines,LUV US
Southwest Airlines Co.,LUV US
LVS US,LVS US
Las Vegas Sands,LVS US
Las Vegas Sands Corp.,LVS US
LYFT US,LYFT US
Lyft,LYFT US
Lyft Inc.,LYFT US
MAR US,MAR US
Marriott International,MAR US
Marriott,MAR US
Marriott International Inc.,MAR US
MA US,MA US
Mastercard,MA US
Mastercard Inc.,MA US
MBG GR,MBG GR
Mercedes-Benz,MBG GR
Mercedes-Benz Group AG,MBG GR
MB IM,MB IM
Mediobanca Banca di Credito Finanziario,MB IM
Mediobanca Banca di Credito Finanziario SpA,MB IM
MCD US,MCD US
McDonald's,MCD US
McDonald's Corp.,MCD US
MC FP,MC FP
LVMH Moët Hennessy Louis Vuitton,MC FP
Louis Vuitton,MC FP
LVMH Moët Hennessy Louis Vuitton SE,MC FP
MCHP US,MCHP US
Microchip Technology,MCHP US
Microchip Technology Inc.,MCHP US
MCK US,MCK US
McKesson,MCK US
McKesson Corp.,MCK US
MDLZ US,MDLZ US
Mondelez International,MDLZ US
Mondelez International Inc.,MDLZ US
MDT US,MDT US
Medtronic,MDT US
Medtronic Plc,MDT US
MELI US,MELI US
MercadoLibre,MELI US
MercadoLibre Inc.,MELI US
Meta Platforms Inc.,META US
Meta,META US
META US,META US
Facebook Inc,META US
Facebook,META US
MGA US,MGA US
Magna,MGA US
Magna International Inc.,MGA US
MGM US,MGM US
MGM Resorts,MGM US
MGM Resorts International,MGM US
ML FP,ML FP
Compagnie Générale des Établissements Michelin,ML FP
Michelin,ML FP
Compagnie Générale des Établissements Michelin SCA,ML FP
MMM US,MMM US
3M Co.,MMM US
MNST US,MNST US
Monster Beverage,MNST US
Monster Beverage Corp.,MNST US
MONC IM,MONC IM
Moncler,MONC IM
Moncler SpA,MONC IM
MOS US,MOS US
The Mosaic,MOS US
Mosaic,MOS US
The Mosaic Co.,MOS US
MO US,MO US
Altria,MO US
Altria Group Inc.,MO US
MRK US,MRK US
Merck,MRK US
Merck & Co. Inc.,MRK US
MRNA US,MRNA US
Moderna,MRNA US
Moderna Inc.,MRNA US
MRVL US,MRVL US
Marvell Technology,MRVL US
Marvell Technology Inc.,MRVL US
MSFT US,MSFT US
Microsoft,MSFT US
Microsoft Corp.,MSFT US
MS US,MS US
Morgan Stanley,MS US
MT NA,MT NA
Arcelor Mittal,MT NA
ArcelorMittal SA,MT NA
M US,M US
Macy's,M US
Macy's Inc.,M US
MU US,MU US
Micron Technology,MU US
Micron Technology Inc.,MU US
MUV2 GR,MUV2 GR
Münchener Rückversicherungs-Gesellschaft,MUV2 GR
Münchener Rückversicherungs-Gesellschaft AG,MUV2 GR
MXEF,MXEF
MSCI EM,MXEF
MXWO,MXWO
MSCI World Index,MXWO
NCLH US,NCLH US
Norwegian Cruise Line Holdings,NCLH US
Norwegian Cruise Line Holdings Ltd.,NCLH US
NDX,NDX
NASDAQ 100,NDX
NEE US,NEE US
NextEra Energy,NEE US
NextEra Energy Inc.,NEE US
NEM US,NEM US
Newmont,NEM US
Newmont Corp.,NEM US
NESN SW,NESN SW
Nestle,NESN SW
Nestlé,NESN SW
Nestlé SA,NESN SW
Neste Corp.,NESTE FH
Neste Corp.,NESTE FH
NFLX US,NFLX US
Netflix,NFLX US
NFLX,NFLX US
Netflix Inc.,NFLX US
NHY NO,NHY NO
Norsk Hydro,NHY NO
Norsk Hydro ASA,NHY NO
NIO US,NIO US
NIO Inc.,NIO US
NKE US,NKE US
Nike,NKE US
NIKE Inc.,NKE US
NKY,NKY
NIKKEI 225,NKY
NOC US,NOC US
Northrop Grumman,NOC US
Northrop Grumman Corp.,NOC US
NOKIA FH,NOKIA FH
Nokia Oyj,NOKIA FH
Nokia,NOKIA FH
NOVN SW,NOVN SW
Novartis,NOVN SW
Novartis AG,NOVN SW
NOW US,NOW US
ServiceNow,NOW US
ServiceNow Inc.,NOW US
NTES US,NTES US
NetEase,NTES US
NetEase Inc.,NTES US
NVDA US,NVDA US
NVIDIA,NVDA US
NVIDIA Corp.,NVDA US
NVO US,NVO US
Novo Nordisk,NVO US
Novo Nordisk A/S,NVO US
NXPI US,NXPI US
NXP Semiconductors NV,NXPI US
OERL SW,OERL SW
OC Oerlikon,OERL SW
OC Oerlikon Corp. AG,OERL SW
OMV AV,OMV AV
OMV AG,OMV AV
OMX,OMX
OMX 30,OMX
ORA FP,ORA FP
Orange,ORA FP
Orange SA,ORA FP
Oracle Corp.,ORCL US
OR FP,OR FP
L'Oréal,OR FP
L'Oreal,OR FP
LOreal,OR FP
L'Oréal SA,OR FP
OXY US,OXY US
Occidental Petroleum,OXY US
Occidental Petroleum Corp.,OXY US
PAAS US,PAAS US
Pan American Silver,PAAS US
Pan American Silver Corp.,PAAS US
PAH3 GR,PAH3 GR
Porsche Automobil,PAH3 GR
Porsche,PAH3 GR
Porsche Automobil Holding SE,PAH3 GR
PANW US,PANW US
Palo Alto,PANW US
Palo Alto Networks Inc.,PANW US
PBR US,PBR US
Petróleo Brasileiro,PBR US
Petróleo Brasileiro SA,PBR US
PEP US,PEP US
PepsiCo,PEP US
Pepsi,PEP US
PepsiCo Inc.,PEP US
PFE US,PFE US
Pfizer,PFE US
Pfizer Inc.,PFE US
PG US,PG US
Procter & Gamble,PG US
Procter & Gamble Co.,PG US
PHIA NA,PHIA NA
Koninklijke Philips,PHIA NA
Koninklijke Philips NV,PHIA NA
PHM US,PHM US
PulteGroup,PHM US
PulteGroup Inc.,PHM US
PM US,PM US
Philip Morris,PM US
Philip Morris International Inc.,PM US
PPG US,PPG US
PPG Industries,PPG US
PPG Industries Inc.,PPG US
PRU LN,PRU LN
Prudential,PRU LN
Prudential Plc,PRU LN
PSPN SW,PSPN SW
PSP Swiss Property,PSPN SW
PSP Swiss Property AG,PSPN SW
PYPL US,PYPL US
PayPal Holdings,PYPL US
PayPal,PYPL US
PayPal Holdings Inc.,PYPL US
QCOM US,QCOM US
QUALCOMM,QCOM US
QUALCOMM Inc.,QCOM US
QQQ US,QQQ US
Invesco QQQ Trust,QQQ US
RACE IM,RACE IM
Ferrari,RACE IM
Ferrari NV,RACE IM
RCL US,RCL US
Royal Caribbean,RCL US
Royal Caribbean Group,RCL US
REGN US,REGN US
Regeneron Pharmaceuticals,REGN US
Regeneron Pharmaceuticals Inc.,REGN US
REP SM,REP SM
Repsol,REP SM
Repsol SA,REP SM
RHM GR,RHM GR
Rheinmetall,RHM GR
Rheinmetall AG,RHM GR
RI FP,RI FP
Pernod Ricard,RI FP
Pernod Ricard SA,RI FP
RIO LN,RIO LN
Rio Tinto,RIO LN
Rio Tinto Plc,RIO LN
RKT LN,RKT LN
Reckitt Benckiser,RKT LN
Reckitt Benckiser Group Plc,RKT LN
RL US,RL US
Ralph Lauren,RL US
Ralph Lauren Corp.,RL US
RMS FP,RMS FP
Hermès International,RMS FP
Hermès,RMS FP
Hermes,RMS FP
Hermès International SCA,RMS FP
RNO FP,RNO FP
Renault,RNO FP
Renault SA,RNO FP
ROG SW,ROG SW
Roche,ROG SW
Roche Holding AG,ROG SW
ROST US,ROST US
Ross Stores.,ROST US
Ross Stores Inc.,ROST US
RTX US,RTX US
RTX,RTX US
RTX Corp.,RTX US
RTY,RTY
Russell 2000,RTY
RWE GR,RWE GR
RWE AG,RWE GR
RY CN,RY CN
Royal Bank of Canada,RY CN
SAF FP,SAF FP
Safran,SAF FP
Safran SA,SAF FP
SAN FP,SAN FP
Sanofi,SAN FP
SAN SM,SAN SM
Banco Santander,SAN SM
Banco Santander SA,SAN SM
SAP GR,SAP GR
SAP SE,SAP GR
SBUX US,SBUX US
Starbucks,SBUX US
Starbucks Corp.,SBUX US
SCCO US,SCCO US
Southern Copper,SCCO US
Southern Copper Corp.,SCCO US
SCHP SW,SCHP SW
Schindler Holding,SCHP SW
Schindler Holding AG,SCHP SW
SCHW US,SCHW US
The Charles Schwab,SCHW US
The Charles Schwab Corp.,SCHW US
SCMN SW,SCMN SW
Swisscom,SCMN SW
Swisscom AG,SCMN SW
SCR FP,SCR FP
SCOR SE,SCR FP
SD3E,SD3E
DJS 30 SelDiv INDEX,SD3E
SDF GR,SDF GR
K+S AG,SDF GR
K+S,SDF GR
SFSN SW,SFSN SW
SFS Group,SFSN SW
SFS Group AG,SFSN SW
SGO FP,SGO FP
Compagnie de Saint-Gobain,SGO FP
Compagnie de Saint-Gobain SA,SGO FP
SGSN SW,SGSN SW
SGS SA,SGSN SW
SHELL NA,SHELL NA
Shell Plc,SHELL NA
SHW US,SHW US
Sherwin-Williams,SHW US
The Sherwin-Williams Co.,SHW US
SIE GR,SIE GR
Siemens,SIE GR
Siemens AG,SIE GR
SIKA SW,SIKA SW
Sika,SIKA SW
Sika AG,SIKA SW
SLB US,SLB US
Schlumberger,SLB US
Schlumberger NV,SLB US
SLHN SW,SLHN SW
Swiss Life Holding,SLHN SW
Swiss Life Holding AG,SLHN SW
SMI,SMI
SWISS MARKET IND,SMI
SNPS US,SNPS US
Synopsys,SNPS US
Synopsys Inc.,SNPS US
SOON SW,SOON SW
Sonova Holding,SOON SW
Sonova Holding AG,SOON SW
SOXX US,SOXX US
iShares PHLX Semiconductor ETF,SOXX US
SPGI US,SPGI US
S&P Global,SPGI US
S&P Global Inc.,SPGI US
SPOT US,SPOT US
Spotify Technology,SPOT US
Spotify Technology SA,SPOT US
SPTSX60,SPTSX60
SP TSX60,SPTSX60
SPX,SPX
S&P 500,SPX
SPY US,SPY US
SPDR S&P 500 ETF Trust,SPY US
SQ US,SQ US
Block,SQ US
Block Inc.,SQ US
SREN SW,SREN SW
Swiss Re,SREN SW
Swiss Re AG,SREN SW
SRG IM,SRG IM
SNAM,SRG IM
SNAM SpA,SRG IM
STLAM IM,STLAM IM
Stellantis,STLAM IM
Stellantis NV,STLAM IM
STMN SW,STMN SW
Straumann,STMN SW
Straumann Holding AG,STMN SW
STMPA FP,STMPA FP
STMicroelectronics,STMPA FP
STMicroelectronics NV,STMPA FP
STZ US,STZ US
Constellation Brands,STZ US
Constellation Brands Inc.,STZ US
SU FP,SU FP
Schneider Electric,SU FP
Schneider Electric SE,SU FP
SUN SW,SUN SW
Sulzer,SUN SW
Sulzer AG,SUN SW
SWK US,SWK US
Stanley Black & Decker,SWK US
Stanley Black & Decker Inc.,SWK US
SX5E,SX5E
EURO STOXX 50,SX5E
SX7E,SX7E
Dow Jones EURO STOXX Banks,SX7E
SYK US,SYK US
Stryker,SYK US
Stryker Corp.,SYK US
TAP US,TAP US
Molson Coors Beverage,TAP US
Molson Coors Beverage Co.,TAP US
TECK US,TECK US
Teck Resources,TECK US
Teck Resources Limited,TECK US
TEF SM,TEF SM
Telefónica,TEF SM
Telefonica,TEF SM
Telefónica SA,TEF SM
TEMN SW,TEMN SW
Temenos,TEMN SW
Temenos AG,TEMN SW
TER US,TER US
Teradyne,TER US
Teradyne Inc.,TER US
TGT US,TGT US
Target,TGT US
Target Corp.,TGT US
TJX US,TJX US
The TJX Cos.,TJX US
The TJX Cos. Inc.,TJX US
TKA GR,TKA GR
thyssenkrupp,TKA GR
thyssenkrupp AG,TKA GR
TLT US,TLT US
iShares 20+ Year Treasury Bond ETF,TLT US
TMO US,TMO US
Thermo Fisher Scientific,TMO US
Thermo Fisher Scientific Inc.,TMO US
TMUS US,TMUS US
T-Mobile US,TMUS US
T-Mobile US Inc.,TMUS US
TOP40,TOP40
FTSE/JSE Top 40,TOP40
TSLA US,TSLA US
TSLA,TSLA US
Tesla,TSLA US
Tesla Inc.,TSLA US
TSM US,TSM US
Taiwan Semiconductor Manufacturing Co. Ltd.,TSM US
TSN US,TSN US
Tyson Foods Inc.,TSN US
Tyson Foods,TSN US
TTE FP,TTE FP
TotalEnergies,TTE FP
TotalEnergies SE,TTE FP
TTWO US,TTWO US
Take-Two Interactive Software Inc.,TTWO US
Take-Two Interactive Software,TTWO US
T US,T US
AT&T,T US
AT&T Inc.,T US
TXN US,TXN US
Texas Instruments,TXN US
Texas Instruments Incorporated,TXN US
UAA US,UAA US
Under Armour,UAA US
Under Armour Inc.,UAA US
UAL US,UAL US
United Airlines Holdings,UAL US
United Airlines,UAL US
United Airlines Holdings Inc.,UAL US
UBER US,UBER US
Uber Technologies,UBER US
Uber,UBER US
Uber Technologies Inc.,UBER US
UBI FP,UBI FP
Ubisoft Entertainment,UBI FP
Ubisoft,UBI FP
Ubisoft Entertainment SA,UBI FP
UBS US,UBS US
UBS Group,UBS US
UBS Group AG,UBS US
UCG IM,UCG IM
UniCredit,UCG IM
UniCredit SpA,UCG IM
UHR SW,UHR SW
The Swatch Group,UHR SW
Swatch,UHR SW
The Swatch Group AG,UHR SW
UKX,UKX
FTSE 100,UKX
ULTA US,ULTA US
Ulta Beauty,ULTA US
Ulta Beauty Inc.,ULTA US
ULVR LN,ULVR LN
Unilever,ULVR LN
Unilever Plc,ULVR LN
UMG NA,UMG NA
Universal Music Group,UMG NA
Universal Music Group NV,UMG NA
UNH US,UNH US
UnitedHealth Group,UNH US
UnitedHealth Group Inc.,UNH US
UNP US,UNP US
Union Pacific,UNP US
Union Pacific Corp.,UNP US
UPS US,UPS US
United Parcel Service.,UPS US
United Parcel Service Inc.,UPS US
URI US,URI US
United Rentals,URI US
United Rentals Inc.,URI US
VALE US,VALE US
Vale,VALE US
Vale SA,VALE US
VFC US,VFC US
VF,VFC US
VF Corp.,VFC US
VIE FP,VIE FP
Veolia Environnement,VIE FP
Veolia Environnement SA,VIE FP
VIPS US,VIPS US
Vipshop Holdings,VIPS US
Vipshop Holdings Ltd.,VIPS US
VIV FP,VIV FP
Vivendi,VIV FP
Vivendi SE,VIV FP
VNA GR,VNA GR
Vonovia,VNA GR
Vonovia SE,VNA GR
VOD LN,VOD LN
Vodafone,VOD LN
Vodafone Group Plc,VOD LN
VOLVB SS,VOLVB SS
Volvo,VOLVB SS
Volvo AB,VOLVB SS
VONN SW,VONN SW
Vontobel,VONN SW
Vontobel Holding AG,VONN SW
VOW3 GR,VOW3 GR
Volkswagen,VOW3 GR
Volkswagen AG,VOW3 GR
VRSN US,VRSN US
VeriSign,VRSN US
VeriSign Inc.,VRSN US
V US,V US
Visa,V US
Visa Inc.,V US
VZ US,VZ US
Verizon,VZ US
Verizon Communications Inc.,VZ US
WBA US,WBA US
Walgreens Boots Alliance,WBA US
Walgreens Boots Alliance Inc.,WBA US
WB US,WB US
Weibo,WB US
Weibo Corp.,WB US
WDC US,WDC US
Western Digital,WDC US
Western Digital Corp.,WDC US
WFC US,WFC US
Wells Fargo,WFC US
Wells Fargo & Co.,WFC US
WMT US,WMT US
Walmart,WMT US
Walmart Inc.,WMT US
WM US,WM US
Waste Management,WM US
Waste Management Inc.,WM US
WPM US,WPM US
Wheaton Precious Metals,WPM US
Wheaton Precious Metals Corp.,WPM US
WSM US,WSM US
Williams-Sonoma,WSM US
Williams-Sonoma Inc.,WSM US
XBI US,XBI US
SPDR S&P BIOTECH ETF,XBI US
XLE US,XLE US
Energy Select Sector SPDR Fund,XLE US
XLF US,XLF US
Financial Select Sector SPDR Fund,XLF US
XLK US,XLK US
Technology Select Sector SPDR Fund,XLK US
XOM US,XOM US
Exxon Mobil,XOM US
Exxon Mobil Corp.,XOM US
XOP US,XOP US
SPDR S&P Oil & Gas Exploration & Production ETF,XOP US
YUMC US,YUMC US
Yum China Holdings Inc.,YUMC US
ZM US,ZM US
Zoom,ZM US
Zoom Video,ZM US
Zoom Video Communications Inc.,ZM US
ZTS US,ZTS US
Zoetis,ZTS US
Zoetis Inc.,ZTS USZETIS
ZURN SW,ZURN SW
Zurich Insurance Group,ZURN SW
Zurich Insurance Group AG,ZURN SW